{
    "metrics": {
        "http_req_waiting": {
            "p(95)": 10000.25431,
            "avg": 3798.9058285382857,
            "min": 0,
            "med": 0.7558,
            "max": 10008.651,
            "p(90)": 9999.95716
        },
        "http_req_connecting": {
            "max": 6.8331,
            "p(90)": 1.31674,
            "p(95)": 1.6219599999999998,
            "avg": 0.4124660324825983,
            "min": 0,
            "med": 0
        },
        "http_req_receiving": {
            "p(90)": 0.5117600000000001,
            "p(95)": 0.6361899999999999,
            "avg": 0.10009819025522038,
            "min": 0,
            "med": 0,
            "max": 4.907
        },
        "iteration_duration": {
            "max": 10518.1852,
            "p(90)": 10502.74468,
            "p(95)": 10503.186065,
            "avg": 4302.48517799443,
            "min": 500.1498,
            "med": 502.0446
        },
        "http_req_duration": {
            "med": 1.045,
            "max": 10008.651,
            "p(90)": 10000.05418,
            "p(95)": 10000.362509999999,
            "avg": 3799.0740462645035,
            "min": 0,
            "thresholds": {
                "p(95)<200": true,
                "p(99)<500": true
            }
        },
        "checks": {
            "passes": 4054,
            "fails": 2408,
            "value": 0.6273599504797276
        },
        "http_reqs": {
            "count": 2155,
            "rate": 21.894515299662253
        },
        "vus_max": {
            "value": 200,
            "min": 200,
            "max": 200
        },
        "http_req_sending": {
            "med": 0,
            "max": 18.9354,
            "p(90)": 0,
            "p(95)": 0.56626,
            "avg": 0.06811953596287702,
            "min": 0
        },
        "http_req_blocked": {
            "avg": 0.45640269141531264,
            "min": 0,
            "med": 0,
            "max": 8.8941,
            "p(90)": 1.39344,
            "p(95)": 1.7663299999999997
        },
        "data_sent": {
            "count": 605806,
            "rate": 6154.9089260451
        },
        "telemetry_requests_total": {
            "count": 2154,
            "rate": 21.884355431773777
        },
        "telemetry_error_rate": {
            "passes": 820,
            "fails": 1334,
            "thresholds": {
                "rate<0.01": true
            },
            "value": 0.3806870937790158
        },
        "http_req_failed": {
            "passes": 794,
            "fails": 1361,
            "thresholds": {
                "rate<0.01": true
            },
            "value": 0.368445475638051
        },
        "vus": {
            "max": 200,
            "value": 3,
            "min": 3
        },
        "iterations": {
            "rate": 21.884355431773777,
            "count": 2154
        },
        "http_req_duration{expected_response:true}": {
            "med": 0.6267,
            "max": 9994.9992,
            "p(90)": 1.2598,
            "p(95)": 1.725,
            "avg": 181.69191307861865,
            "min": 0
        },
        "data_received": {
            "count": 197214,
            "rate": 2003.668185757583
        },
        "telemetry_request_duration_ms": {
            "p(90)": 10002,
            "p(95)": 10002,
            "avg": 3801.7065923862583,
            "min": 0,
            "med": 1,
            "max": 10017
        },
        "http_req_tls_handshaking": {
            "max": 0,
            "p(90)": 0,
            "p(95)": 0,
            "avg": 0,
            "min": 0,
            "med": 0
        }
    },
    "root_group": {
        "id": "d41d8cd98f00b204e9800998ecf8427e",
        "groups": {},
        "checks": {
                "status is 200": {
                    "name": "status is 200",
                    "path": "::status is 200",
                    "id": "6210a8cd14cd70477eba5c5e4cb3fb5f",
                    "passes": 1360,
                    "fails": 794
                },
                "response time < 200ms": {
                    "path": "::response time < 200ms",
                    "id": "30cdd5fbce443e25a0330e25aa52afa2",
                    "passes": 1334,
                    "fails": 820,
                    "name": "response time < 200ms"
                },
                "response has ok": {
                    "id": "2c617c27466390d5edef40fac5cbda59",
                    "passes": 1360,
                    "fails": 794,
                    "name": "response has ok",
                    "path": "::response has ok"
                }
            },
        "name": "",
        "path": ""
    }
}